<?xml version="1.0" encoding="UTF-8"?>
<java version="1.8.0_131" class="java.beans.XMLDecoder">
 <object class="java.util.LinkedHashMap">
  <void method="put">
   <string>version</string>
   <float>40.0</float>
  </void>
  <void method="put">
   <string>type</string>
   <int>1</int>
  </void>
  <void method="put">
   <string>certversion</string>
   <string>X509v3</string>
  </void>
  <void method="put">
   <string>validity</string>
   <long>375</long>
  </void>
  <void method="put">
   <string>allowvalidityoverride</string>
   <boolean>false</boolean>
  </void>
  <void method="put">
   <string>allowextensionoverride</string>
   <boolean>false</boolean>
  </void>
  <void method="put">
   <string>allowdnoverride</string>
   <boolean>false</boolean>
  </void>
  <void method="put">
   <string>allowdnoverridebyeei</string>
   <boolean>false</boolean>
  </void>
  <void method="put">
   <string>allowbackdatedrevokation</string>
   <boolean>false</boolean>
  </void>
  <void method="put">
   <string>usecertificatestorage</string>
   <boolean>true</boolean>
  </void>
  <void method="put">
   <string>storecertificatedata</string>
   <boolean>true</boolean>
  </void>
  <void method="put">
   <string>usebasicconstrants</string>
   <boolean>true</boolean>
  </void>
  <void method="put">
   <string>basicconstraintscritical</string>
   <boolean>true</boolean>
  </void>
  <void method="put">
   <string>usesubjectkeyidentifier</string>
   <boolean>true</boolean>
  </void>
  <void method="put">
   <string>subjectkeyidentifiercritical</string>
   <boolean>false</boolean>
  </void>
  <void method="put">
   <string>useauthoritykeyidentifier</string>
   <boolean>true</boolean>
  </void>
  <void method="put">
   <string>authoritykeyidentifiercritical</string>
   <boolean>false</boolean>
  </void>
  <void method="put">
   <string>usesubjectalternativename</string>
   <boolean>false</boolean>
  </void>
  <void method="put">
   <string>subjectalternativenamecritical</string>
   <boolean>false</boolean>
  </void>
  <void method="put">
   <string>useissueralternativename</string>
   <boolean>false</boolean>
  </void>
  <void method="put">
   <string>issueralternativenamecritical</string>
   <boolean>false</boolean>
  </void>
  <void method="put">
   <string>usecrldistributionpoint</string>
   <boolean>false</boolean>
  </void>
  <void method="put">
   <string>usedefaultcrldistributionpoint</string>
   <boolean>false</boolean>
  </void>
  <void method="put">
   <string>crldistributionpointcritical</string>
   <boolean>false</boolean>
  </void>
  <void method="put">
   <string>crldistributionpointuri</string>
   <string></string>
  </void>
  <void method="put">
   <string>usecrldistributionpointoncrl</string>
   <boolean>false</boolean>
  </void>
  <void method="put">
   <string>usefreshestcrl</string>
   <boolean>false</boolean>
  </void>
  <void method="put">
   <string>usecadefinedfreshestcrl</string>
   <boolean>false</boolean>
  </void>
  <void method="put">
   <string>freshestcrluri</string>
   <string></string>
  </void>
  <void method="put">
   <string>crlissuer</string>
   <string></string>
  </void>
  <void method="put">
   <string>usecertificatepolicies</string>
   <boolean>false</boolean>
  </void>
  <void method="put">
   <string>certificatepoliciescritical</string>
   <boolean>false</boolean>
  </void>
  <void method="put">
   <string>certificatepolicies</string>
   <object class="java.util.ArrayList"/>
  </void>
  <void method="put">
   <string>availablekeyalgorithms</string>
   <object class="java.util.ArrayList">
    <void method="add">
     <string>RSA</string>
    </void>
   </object>
  </void>
  <void method="put">
   <string>availableeccurves</string>
   <object class="java.util.ArrayList">
    <void method="add">
     <string>ANY_EC_CURVE</string>
    </void>
   </object>
  </void>
  <void method="put">
   <string>availablebitlengths</string>
   <object class="java.util.ArrayList">
    <void method="add">
     <int>2048</int>
    </void>
   </object>
  </void>
  <void method="put">
   <string>minimumavailablebitlength</string>
   <int>2048</int>
  </void>
  <void method="put">
   <string>maximumavailablebitlength</string>
   <int>2048</int>
  </void>
  <void method="put">
   <string>signaturealgorithm</string>
   <string>SHA256WithRSA</string>
  </void>
  <void method="put">
   <string>usekeyusage</string>
   <boolean>true</boolean>
  </void>
  <void method="put">
   <string>keyusage</string>
   <object class="java.util.ArrayList">
    <void method="add">
     <boolean>true</boolean>
    </void>
    <void method="add">
     <boolean>false</boolean>
    </void>
    <void method="add">
     <boolean>true</boolean>
    </void>
    <void method="add">
     <boolean>true</boolean>
    </void>
    <void method="add">
     <boolean>true</boolean>
    </void>
    <void method="add">
     <boolean>false</boolean>
    </void>
    <void method="add">
     <boolean>false</boolean>
    </void>
    <void method="add">
     <boolean>false</boolean>
    </void>
    <void method="add">
     <boolean>false</boolean>
    </void>
   </object>
  </void>
  <void method="put">
   <string>allowkeyusageoverride</string>
   <boolean>false</boolean>
  </void>
  <void method="put">
   <string>keyusagecritical</string>
   <boolean>true</boolean>
  </void>
  <void method="put">
   <string>useextendedkeyusage</string>
   <boolean>true</boolean>
  </void>
  <void method="put">
   <string>extendedkeyusage</string>
   <object class="java.util.ArrayList">
    <void method="add">
     <string>1.3.6.1.5.5.7.3.9</string>
    </void>
   </object>
  </void>
  <void method="put">
   <string>extendedkeyusagecritical</string>
   <boolean>false</boolean>
  </void>
  <void method="put">
   <string>usedocumenttypelist</string>
   <boolean>false</boolean>
  </void>
  <void method="put">
   <string>documenttypelistcritical</string>
   <boolean>false</boolean>
  </void>
  <void method="put">
   <string>documenttypelist</string>
   <object class="java.util.ArrayList"/>
  </void>
  <void method="put">
   <string>availablecas</string>
   <object class="java.util.ArrayList">
    <void method="add">
     <int>584624484</int>
    </void>
    <void method="add">
     <int>-2077144746</int>
    </void>
   </object>
  </void>
  <void method="put">
   <string>usedpublishers</string>
   <object class="java.util.ArrayList"/>
  </void>
  <void method="put">
   <string>useocspnocheck</string>
   <boolean>false</boolean>
  </void>
  <void method="put">
   <string>useldapdnorder</string>
   <boolean>true</boolean>
  </void>
  <void method="put">
   <string>usecustomdnorder</string>
   <boolean>true</boolean>
  </void>
  <void method="put">
   <string>usemicrosofttemplate</string>
   <boolean>false</boolean>
  </void>
  <void method="put">
   <string>microsofttemplate</string>
   <string></string>
  </void>
  <void method="put">
   <string>usecardnumber</string>
   <boolean>false</boolean>
  </void>
  <void method="put">
   <string>usecnpostfix</string>
   <boolean>false</boolean>
  </void>
  <void method="put">
   <string>cnpostfix</string>
   <string></string>
  </void>
  <void method="put">
   <string>usesubjectdnsubset</string>
   <boolean>false</boolean>
  </void>
  <void method="put">
   <string>subjectdnsubset</string>
   <object class="java.util.ArrayList"/>
  </void>
  <void method="put">
   <string>usesubjectaltnamesubset</string>
   <boolean>false</boolean>
  </void>
  <void method="put">
   <string>subjectaltnamesubset</string>
   <object class="java.util.ArrayList"/>
  </void>
  <void method="put">
   <string>usepathlengthconstraint</string>
   <boolean>false</boolean>
  </void>
  <void method="put">
   <string>pathlengthconstraint</string>
   <int>0</int>
  </void>
  <void method="put">
   <string>useqcstatement</string>
   <boolean>false</boolean>
  </void>
  <void method="put">
   <string>usepkixqcsyntaxv2</string>
   <boolean>false</boolean>
  </void>
  <void method="put">
   <string>useqcstatementcritical</string>
   <boolean>false</boolean>
  </void>
  <void method="put">
   <string>useqcstatementraname</string>
   <string></string>
  </void>
  <void method="put">
   <string>useqcsematicsid</string>
   <string></string>
  </void>
  <void method="put">
   <string>useqcetsiqccompliance</string>
   <boolean>false</boolean>
  </void>
  <void method="put">
   <string>useqcetsisignaturedevice</string>
   <boolean>false</boolean>
  </void>
  <void method="put">
   <string>useqcetsivaluelimit</string>
   <boolean>false</boolean>
  </void>
  <void method="put">
   <string>qcetsivaluelimit</string>
   <int>0</int>
  </void>
  <void method="put">
   <string>qcetsivaluelimitexp</string>
   <int>0</int>
  </void>
  <void method="put">
   <string>qcetsivaluelimitcurrency</string>
   <string></string>
  </void>
  <void method="put">
   <string>useqcetsiretentionperiod</string>
   <boolean>false</boolean>
  </void>
  <void method="put">
   <string>qcetsiretentionperiod</string>
   <int>0</int>
  </void>
  <void method="put">
   <string>useqccustomstring</string>
   <boolean>false</boolean>
  </void>
  <void method="put">
   <string>qccustomstringoid</string>
   <string></string>
  </void>
  <void method="put">
   <string>qccustomstringtext</string>
   <string></string>
  </void>
  <void method="put">
   <string>usecertificatetransparencyincerts</string>
   <boolean>false</boolean>
  </void>
  <void method="put">
   <string>usecertificatetransparencyinocsp</string>
   <boolean>false</boolean>
  </void>
  <void method="put">
   <string>usecertificatetransparencyinpublisher</string>
   <boolean>false</boolean>
  </void>
  <void method="put">
   <string>usesubjectdirattributes</string>
   <boolean>false</boolean>
  </void>
  <void method="put">
   <string>usenameconstraints</string>
   <boolean>false</boolean>
  </void>
  <void method="put">
   <string>useauthorityinformationaccess</string>
   <boolean>false</boolean>
  </void>
  <void method="put">
   <string>caissuers</string>
   <object class="java.util.ArrayList"/>
  </void>
  <void method="put">
   <string>usedefaultocspservicelocator</string>
   <boolean>false</boolean>
  </void>
  <void method="put">
   <string>ocspservicelocatoruri</string>
   <string></string>
  </void>
  <void method="put">
   <string>cvcaccessrights</string>
   <int>3</int>
  </void>
  <void method="put">
   <string>usedcertificateextensions</string>
   <object class="java.util.ArrayList"/>
  </void>
  <void method="put">
   <string>numofreqapprovals</string>
   <int>1</int>
  </void>
  <void method="put">
   <string>approvalsettings</string>
   <object class="java.util.ArrayList"/>
  </void>
  <void method="put">
   <string>useprivkeyusageperiodnotbefore</string>
   <boolean>false</boolean>
  </void>
  <void method="put">
   <string>useprivkeyusageperiod</string>
   <boolean>false</boolean>
  </void>
  <void method="put">
   <string>useprivkeyusageperiodnotafter</string>
   <boolean>false</boolean>
  </void>
  <void method="put">
   <string>privkeyusageperiodstartoffset</string>
   <long>0</long>
  </void>
  <void method="put">
   <string>privkeyusageperiodlength</string>
   <long>63072000</long>
  </void>
  <void method="put">
   <string>usesingleactivecertificateconstraint</string>
   <boolean>false</boolean>
  </void>
  <void method="put">
   <string>customdnorder</string>
   <object class="java.util.ArrayList">
    <void method="add">
     <string>C</string>
    </void>
    <void method="add">
     <string>O</string>
    </void>
    <void method="add">
     <string>OU</string>
    </void>
    <void method="add">
     <string>CN</string>
    </void>
    <void method="add">
     <string>SN</string>
    </void>
   </object>
  </void>
 </object>
</java>
