<?xml version='1.0' encoding='UTF-8'?>
<!--
/*************************************************************************
 *                                                                       *
 *  EJBCA: The OpenSource Certificate Authority                          *
 *                                                                       *
 *  This software is free software; you can redistribute it and/or       *
 *  modify it under the terms of the GNU Lesser General Public           *
 *  License as published by the Free Software Foundation; either         *
 *  version 2.1 of the License, or any later version.                    *
 *                                                                       *
 *  See terms of license at gnu.org.                                     *
 *                                                                       *
 *************************************************************************/

 version: $Id: faces-config.xml 22193 2015-11-17 21:10:53Z mikekushner $
 -->
<faces-config version="2.0"
    xmlns="http://java.sun.com/xml/ns/javaee"
    xmlns:xsi="http://www.w3.org/2001/XMLSchema-instance"
    xsi:schemaLocation="http://java.sun.com/xml/ns/javaee 
                        http://java.sun.com/xml/ns/javaee/web-facesconfig_2_0.xsd">

  <managed-bean>
    <managed-bean-name>web</managed-bean-name>
    <managed-bean-class>org.ejbca.ui.web.admin.configuration.EjbcaJSFHelper</managed-bean-class>
    <managed-bean-scope>session</managed-bean-scope>
  </managed-bean>
  <managed-bean>
    <managed-bean-name>listApproveActionManagedBean</managed-bean-name>
    <managed-bean-class>org.ejbca.ui.web.admin.approval.ListApproveActionManagedBean</managed-bean-class>
    <managed-bean-scope>session</managed-bean-scope>
  </managed-bean>
  <managed-bean>
    <managed-bean-name>approvalActionManagedBean</managed-bean-name>
    <managed-bean-class>org.ejbca.ui.web.admin.approval.ApproveActionManagedBean</managed-bean-class>
    <managed-bean-scope>session</managed-bean-scope>
  </managed-bean>
    <managed-bean>
    <managed-bean-name>approvalActionRequest</managed-bean-name>
    <managed-bean-class>org.ejbca.ui.web.admin.approval.ApproveActionRequestBean</managed-bean-class>
    <managed-bean-scope>request</managed-bean-scope>
  </managed-bean>
  <managed-bean>
    	<managed-bean-name>auditor</managed-bean-name>
    	<managed-bean-class>org.ejbca.ui.web.admin.audit.AuditorManagedBean</managed-bean-class>
    	<managed-bean-scope>session</managed-bean-scope>
  </managed-bean>
  <managed-bean>
    	<managed-bean-name>listServicesManagedBean</managed-bean-name>
    	<managed-bean-class>org.ejbca.ui.web.admin.services.ListServicesManagedBean</managed-bean-class>
    	<managed-bean-scope>session</managed-bean-scope>
  </managed-bean>
  <managed-bean>
    	<managed-bean-name>editService</managed-bean-name>
    	<managed-bean-class>org.ejbca.ui.web.admin.services.EditServiceManagedBean</managed-bean-class>
    	<managed-bean-scope>session</managed-bean-scope>
  </managed-bean>
    <managed-bean>
    	<managed-bean-name>cAActivationMBean</managed-bean-name>
    	<managed-bean-class>org.ejbca.ui.web.admin.cainterface.CAActivationMBean</managed-bean-class>
    	<managed-bean-scope>session</managed-bean-scope>
  </managed-bean>
  <managed-bean>
    	<managed-bean-name>rolesManagedBean</managed-bean-name>
    	<managed-bean-class>org.ejbca.ui.web.admin.administratorprivileges.RolesManagedBean</managed-bean-class>
    	<managed-bean-scope>request</managed-bean-scope>
    	<managed-property>
            <property-name>currentRole</property-name>
            <value>#{param.currentRole}</value>
        </managed-property>
  </managed-bean>
  <managed-bean>
    	<managed-bean-name>cryptoTokenMBean</managed-bean-name>
    	<managed-bean-class>org.ejbca.ui.web.admin.cryptotoken.CryptoTokenMBean</managed-bean-class>
    	<managed-bean-scope>session</managed-bean-scope>
  </managed-bean>
  <managed-bean>
    	<managed-bean-name>certProfilesBean</managed-bean-name>
    	<managed-bean-class>org.ejbca.ui.web.admin.certprof.CertProfilesBean</managed-bean-class>
    	<managed-bean-scope>session</managed-bean-scope>
  </managed-bean>
  <managed-bean>
    	<managed-bean-name>certProfileBean</managed-bean-name>
    	<managed-bean-class>org.ejbca.ui.web.admin.certprof.CertProfileBean</managed-bean-class>
    	<managed-bean-scope>session</managed-bean-scope>
    	<managed-property>
    	    <property-name>certProfilesBean</property-name>
    	    <value>#{certProfilesBean}</value>
    	</managed-property>
  </managed-bean>
  <managed-bean>
    	<managed-bean-name>internalKeyBindingMBean</managed-bean-name>
    	<managed-bean-class>org.ejbca.ui.web.admin.keybind.InternalKeyBindingMBean</managed-bean-class>
    	<managed-bean-scope>session</managed-bean-scope>
  </managed-bean>
  <managed-bean>
    	<managed-bean-name>peerConnectorsMBean</managed-bean-name>
    	<managed-bean-class>org.ejbca.ui.web.admin.peerconnector.PeerConnectorsMBean</managed-bean-class>
    	<managed-bean-scope>session</managed-bean-scope>
  </managed-bean>
  <managed-bean>
    	<managed-bean-name>peerConnectorMBean</managed-bean-name>
    	<managed-bean-class>org.ejbca.ui.web.admin.peerconnector.PeerConnectorMBean</managed-bean-class>
    	<managed-bean-scope>request</managed-bean-scope>
    	<managed-property>
    	    <property-name>peerConnectorsMBean</property-name>
    	    <value>#{peerConnectorsMBean}</value>
    	</managed-property>
  </managed-bean>
  <managed-bean>
    	<managed-bean-name>peerMgmtMBean</managed-bean-name>
    	<managed-bean-class>org.ejbca.ui.web.admin.peerconnector.PeerMgmtMBean</managed-bean-class>
    	<managed-bean-scope>request</managed-bean-scope>
    	<managed-property>
    	    <property-name>peerConnectorsMBean</property-name>
    	    <value>#{peerConnectorsMBean}</value>
    	</managed-property>
  </managed-bean>
  <managed-bean>
    	<managed-bean-name>peerInAuthMBean</managed-bean-name>
    	<managed-bean-class>org.ejbca.ui.web.admin.peerconnector.PeerInAuthMBean</managed-bean-class>
    	<managed-bean-scope>session</managed-bean-scope>
    	<managed-property>
    	    <property-name>peerConnectorsMBean</property-name>
    	    <value>#{peerConnectorsMBean}</value>
    	</managed-property>
  </managed-bean>
  <managed-bean>
    	<managed-bean-name>scepConfigMBean</managed-bean-name>
    	<managed-bean-class>org.ejbca.ui.web.admin.configuration.ScepConfigMBean</managed-bean-class>
    	<managed-bean-scope>session</managed-bean-scope>
  </managed-bean>
  
    <managed-bean>
    	<managed-bean-name>systemConfigMBean</managed-bean-name>
    	<managed-bean-class>org.ejbca.ui.web.admin.configuration.SystemConfigMBean</managed-bean-class>
    	<managed-bean-scope>session</managed-bean-scope>
  </managed-bean>
  
  <managed-bean>
    	<managed-bean-name>customCertExtensionMBean</managed-bean-name>
    	<managed-bean-class>org.ejbca.ui.web.admin.configuration.CustomCertExtensionMBean</managed-bean-class>
    	<managed-bean-scope>session</managed-bean-scope>
    	<managed-property>
    	    <property-name>systemConfigMBean</property-name>
    	    <value>#{systemConfigMBean}</value>
    	</managed-property>
  </managed-bean>
  
  <validator>
        <validator-id>legalCharsValidator</validator-id>
        <validator-class>org.ejbca.ui.web.admin.LegalCharsValidator</validator-class>
  </validator>
  <validator>
        <validator-id>hexSerialNumberValidator</validator-id>
        <validator-class>org.ejbca.ui.web.admin.HexSerialNumberValidator</validator-class>
  </validator>
  <validator>
        <validator-id>optionalHexSerialNumberValidator</validator-id>
        <validator-class>org.ejbca.ui.web.admin.OptionalHexSerialNumberValidator</validator-class>
  </validator>

  <converter>
        <converter-id>mapToStringConverter</converter-id>
        <converter-class>org.ejbca.ui.web.admin.audit.MapToStringConverter</converter-class>
  </converter>

  <navigation-rule>
    <from-view-id>/approval/approveactionlist.jsp</from-view-id>
    <navigation-case>
      <from-outcome>viewApproveAction</from-outcome>
      <to-view-id>/approval/approveaction.jsp</to-view-id>
    </navigation-case>
  </navigation-rule>
  <navigation-rule>
  	<from-view-id>/approval/approveaction.jsp</from-view-id>
  	<navigation-case>
  		<from-outcome>approveaction</from-outcome>
  		<to-view-id>/approval/approveaction.jsp</to-view-id>
  	</navigation-case>
  </navigation-rule>
  
  <navigation-rule>
    <from-view-id>/ca/caactivation.jsp</from-view-id>
    <navigation-case>
      <from-outcome>apply</from-outcome>
      <to-view-id>/ca/caactivation.jsp</to-view-id>
    </navigation-case>
  </navigation-rule>
  	
  <navigation-rule>
    <from-view-id>/ca/editcertificateprofiles/editcertificateprofiles.jsp</from-view-id>
    <navigation-case>
      <from-outcome>edit</from-outcome>
      <to-view-id>/ca/editcertificateprofiles/editcertificateprofile.jsp</to-view-id>
    </navigation-case>
    <navigation-case>
      <from-outcome>view</from-outcome>
      <to-view-id>/ca/editcertificateprofiles/editcertificateprofile.jsp</to-view-id>
    </navigation-case>
  </navigation-rule>
  <navigation-rule>
    <from-view-id>/ca/editcertificateprofiles/editcertificateprofile.jsp</from-view-id>
    <navigation-case>
      <from-outcome>done</from-outcome>
      <to-view-id>/ca/editcertificateprofiles/editcertificateprofiles.jsp</to-view-id>
    </navigation-case>
  </navigation-rule>
  
  <navigation-rule>
    <from-view-id>/sysconfig/systemconfiguration.jsp</from-view-id>
    <navigation-case>
      <from-outcome>edit</from-outcome>
      <to-view-id>/sysconfig/customcertextension.jsp</to-view-id>
    </navigation-case>
    <navigation-case>
      <from-outcome>view</from-outcome>
      <to-view-id>/sysconfig/customcertextension.jsp</to-view-id>
    </navigation-case>
  </navigation-rule>
  	
  <navigation-rule>
  	<from-view-id>/services/listservices.jsp</from-view-id>
  	<navigation-case>
  		<from-outcome>listservices</from-outcome>
  		<to-view-id>/services/listservices.jsp</to-view-id>
  	</navigation-case>
  	<navigation-case>
  		<from-outcome>editservice</from-outcome>
  		<to-view-id>/services/editservice.jsp</to-view-id>
  	</navigation-case>
  </navigation-rule>
  <navigation-rule>
  	<from-view-id>/services/editservice.jsp</from-view-id>
  	<navigation-case>
  		<from-outcome>listservices</from-outcome>
  		<to-view-id>/services/listservices.jsp</to-view-id>
  	</navigation-case>
  	<navigation-case>
  		<from-outcome>editservice</from-outcome>
  		<to-view-id>/services/editservice.jsp</to-view-id>
  	</navigation-case>
  </navigation-rule>

  <navigation-rule>
  	<from-view-id>/peerconnector/peerconnectors.jsp</from-view-id>
  	<navigation-case>
  		<from-outcome>edit</from-outcome>
  		<to-view-id>/peerconnector/peerconnector.jsp</to-view-id>
  	</navigation-case>
  	<navigation-case>
  		<from-outcome>done</from-outcome>
  		<to-view-id>/peerconnector/peerconnectors.jsp</to-view-id>
  	</navigation-case>
  	<navigation-case>
  		<from-outcome>manage</from-outcome>
  		<to-view-id>/peerconnector/peermgmt.jsp</to-view-id>
  	</navigation-case>
  	<navigation-case>
  		<from-outcome>inauth</from-outcome>
  		<to-view-id>/peerconnector/peerinauth.jsp</to-view-id>
  	</navigation-case>
  </navigation-rule>
  <navigation-rule>
  	<from-view-id>/peerconnector/peerconnector.jsp</from-view-id>
  	<navigation-case>
  		<from-outcome>done</from-outcome>
  		<to-view-id>/peerconnector/peerconnectors.jsp</to-view-id>
  	</navigation-case>
  </navigation-rule>
  <navigation-rule>
  	<from-view-id>/peerconnector/peermgmt.jsp</from-view-id>
  	<navigation-case>
  		<from-outcome>done</from-outcome>
  		<to-view-id>/peerconnector/peerconnectors.jsp</to-view-id>
  	</navigation-case>
  </navigation-rule>
  <navigation-rule>
  	<from-view-id>/peerconnector/peerinauth.jsp</from-view-id>
  	<navigation-case>
  		<from-outcome>done</from-outcome>
  		<to-view-id>/peerconnector/peerconnectors.jsp</to-view-id>
  	</navigation-case>
  </navigation-rule>
</faces-config>
