<?xml version="1.0"?>
<document>
  <properties>
    <title>The External Registration Authority API (Enterprise Edition Only)</title>
  </properties>
<body>

<section name="External RA (Enterprise Edition Only)">
<p>
In some cases, for security reasons, is it preferable to deny all inbound traffic to the CA installation and instead let EJBCA periodically 
fetch and process information from external trusted data sources. For an overview of the solution see the illustration below.
</p><p>
The External Registration Authority (RA) API contains the most basic functions like:
<ul>
 <li>Generate Certificate from PKCS10</li>
 <li>Generate PKCS12 for the end user</li>
 <li>KeyRecovery of the users key (if requested using PKCS12)</li>
 <li>Edit users</li>
 <li>Revoke Certificates</li>
 <li>Generate a certificate for an existing user using a shared secret</li>
 <li>Generate a keystore for an existing user using a shared secret</li>
</ul>
From EJBCA 6.3.1 the External RA API is bundled as a part of EJBCA Enterprise Edition and can be enabled in conf/externalra.properties. 
</p><p>
<img src="images/external-ra.png" title="EJBCA using external RA, secured by not allowing incoming network traffic" alt="EJBCA with External RA, secured by not allowing incoming network traffic" />
</p>
</section>

<section name="External RA Service Workers">
<p>
External RA Service Workers are configured in the Admin GUI.
Each worker will poll a DataSource in the application server.
The DataSource should point to a database outside the CA's network security zone. this means pure database connections are used. Depending on your database and configuration these connections can be protected in various ways, for example using SSL. 
</p><p>
A message in the database can contain one or more submessages.
The messages in the database can be signed and encrypted. Currently only soft PKCS#12 keystores for decryption and signing responses are supported.
If a worker find a new requests message it changes the status of the message to 'in process' and
extracts all sub-messages. For each submessage the worker will:
<ol>
    <li>decrypt the submessage with a keystore (or reject it if encryption is required)</li>
    <li>verify and validate the signature of the submessage (or reject it if signing is required)</li>
    <li>process the request in the submessage with the signers admin privileges (or with full privileges if no signature is present)</li>
    <li>sign the response submessage (if signatures are required by the Service Worker)</li>
    <li>encrypts the response submessage (if encryption is required by the Service Worker)</li>
</ol>
and finally write all the response submessages as single message with status 'processed' back to the DataSource.
Encryption in submessages are done using CMS/PKCS#7 envelopes. 
</p>
<subsection name="Enabling">
<p>
To use External RA Service Workers in EJBCA:
<ol>
 <li>Enable the service in EJBCA_HOME/conf/externalra.properties</li>
 <li>Configure DataSources in EJBCA_HOME/conf/externalra.properties</li>
 <li>(Install the JDBC connector JARs in the application server for databases used in EJBCA_HOME/conf/externalra.properties)</li>
 <li>Create datasource(s) matching the configuration in externalra.properties.</li>
 <li>Re-build and deploy EJBCA with 'ant clean deployear'</li>
</ol>
</p><p>To create a non-jta data source for JBoss 7 a command in jboss-cli.sh can be used, for example:</p>
<source>
data-source add --name=ramessage1ds --jta=false --driver-name="org.mariadb.jdbc.Driver" --connection-url="jdbc:mysql://127.0.0.1:3306/messages" --jndi-name="java:/RAMessage1DS" --use-ccm=true --user-name="ejbca" --password="ejbca" --validate-on-match=true --background-validation=false --prepared-statements-cache-size=50 --share-prepared-statements=true --min-pool-size=5 --max-pool-size=150 --pool-prefill=true --transaction-isolation=TRANSACTION_READ_COMMITTED --check-valid-connection-sql="select 1;"
</source>
<p>Or for PostgreSQL</p>
<source>
data-source add --name=ramessage1ds --jta=false --driver-name="org.postgresql.Driver" --connection-url="jdbc:postgresql://127.0.0.1/messages" --jndi-name="java:/RAMessage1DS" --use-ccm=true --user-name="ejbca" --password="ejbca" --validate-on-match=true --background-validation=false --prepared-statements-cache-size=50 --share-prepared-statements=true --min-pool-size=5 --max-pool-size=150 --pool-prefill=true --transaction-isolation=TRANSACTION_READ_COMMITTED --check-valid-connection-sql="select 1"
</source>
<p>(note that 'select 1' must be different for DB2 and Oracle)</p>
<p>
It is recommended to use the following indexes on the external message database:
</p>
<source>
create index message_idx1 on message (status);
create index message_idx2 on message (messageId);
</source>
</subsection>
<subsection name="Configuring">
<p>
In the EJBCA Admin GUI, go to Services and create a new Custom Worker that runs at short intervals.
The shorter the interval the more often the worker will poll the DataSource for new messages.
<ul>
 <li>Select Worker: Custom Worker</li>
 <li>Custom Worker Class Path: org.ejbca.extra.caservice.ExtRACAServiceWorker</li>
 <li>Custom Worker Properties: shown below</li>
 <li>Select Interval: Periodical Interval</li>
 <li>Period: 10 seconds (or any interval you like but not below 5 seconds)</li>
 <li>Select Action: No Action</li>
 <li>Active: Checked</li>
</ul>
The available worker properties are:
<ul>
 <li>externalra-caservice.persistenceunit: A reference to the RA database configured in externalra.properties (Default: RAMessage1DS)</li>
 <li>externalra-caservice.encryption.required: Only accept encrypted messages in the RA database (Default: false)</li>
 <li>externalra-caservice.signature.required: Only accept signed messages in the RA database (Default: false)</li>
 <li>externalra-caservice.keystore.path: Full pathname to the PKCS#12 keystore used to decrypt and sign messages. This
 file must be available on all EJBCA nodes. Only required if encryption or signing is used.
 (Default for historic reasons: keystore/extrakeystore.p12)</li>
 <li>externalra-caservice.keystore.pwd: Password for the keystore defined by externalra-caservice.keystore.path.
 (Default: foo123)</li>
 <li>externalra-caservice.raissuer: CA Name of the CA issuing RA Certificates, used to check the validity of RA signatures.
 (Default: ManagementCA)</li>
 <li>externalra-caservice.whitelist: A comma separated list of request class-names that this worker will accept. If this is empty or undefined all kinds of request are accepted.</li>
</ul>
</p>
<p>
Both the worker's keystore and the one used on the RA server must be issued by 'externalra-caservice.raissuer'.
The RA server also needs the certificate of the worker's keystore to be able to encrypt request messages.
Signing required Key Usage 'Digital Signature' and encryption requires Key Usage 'Key Encipherment'.   
</p>
<p>
Example:
</p>
<source>
externalra-caservice.persistenceunit=RAMessage1DS
externalra-caservice.encryption.required=false
externalra-caservice.signature.required=false
</source>
</subsection>
</section>

<section name="External RA API Clients">
<p>
External RA API clients creates a message from several submessages, where each submessage
<ol>
    <li>contains a request</li>
    <li>is signed with the RA keystore (optional if not required by Service Worker)</li>
    <li>is encrypted with the Service Worker's keystore certificate (optional if not required by Service Worker)</li>
</ol>
The message is then written to the database polled by a External RA Service Worker.
After a while (depending on how often the Service Worker runs and if the CA is online) the client
can fetch the response message.
</p><p>
The client is also responsible for polling the database for responses from the External RA Service Worker.
</p><p>
Running <code>ant externalra-client</code> will build a sample client with all
dependencies under EJBCA_HOME/dist/extrernalra-cli. This simple client JAR could be used directly as a library and
is a good starting point for client development. See EJBCA_HOME/modules/externalra/src/org/ejbca/extra/ra/ExtRATestClient.java
and EJBCA_HOME/modules/externalra/src-test/ for more details on how the use the API.
</p><p>
New submessages require a new org.ejbca.extra.db.MyRequest and org.ejbca.extra.caservice.processor.MyRequestProcessor
class where 'My' is your name of choice. Dispatching of messages to a processing class is done using Java reflection
to automatically instantiate the correct processor, so it is important that the class names are correct.
</p><p>
See also the more External RA clients "SCEP RA Server" and "External RA GUI" described below. 
</p>
<p>To generate javadoc for the external RA API you can:</p>
<source>
cd modules/externalra
javadoc -classpath ../../lib/hibernate/ejb3-persistence.jar -d javadoc -sourcepath src -subpackages org.ejbca
</source>
</section>

<section name="Security">
<p>
It is strongly recommended to at least use signing of messages sent between RA and CA. If the
messages are signed will the RAs certificate be used for authorization internally. This makes it
possible to trace which RA that approved the information certified and possible to control which
kind of information that the RA can approve, by defining End Entity Profiles. If signing is not
used the service run as an 'internal user' where anything goes (Super Administrator).
</p><p>
If message signing is used, the RA servers certificate (used to sign the message) must be an
administrator i EJBCA and at least have the following rights:
<ul>
 <li>The RA administrator role</li>
 <li>View/Create/Edit/Key Recovery/Revocation Rights</li>
 <li>Access to the End Entity Profiles used by the RA</li>
 <li>Access to the CAs used by the RA</li>
</ul>
</p><p>
For signing and encryption the client that uses the API on the RA must support these options. The
ScepRA does not support signing and encryption.
</p><p>
For signing is the SHA-256 digest algorithm used and for encryption is AES256 used.
</p>
</section>

<section name="Using the SCEP RA Server">
<p>
The SCEP RA Server is an External RA API client built from the EJBCA bundle.  
</p><p>
The SCEP RA Server supports the SCEP 'polling' RA model. A SCEP client can send a request
to the SCEP RA Server, and then wait, polling the RA for updates. When the request is processed
by the CA, which fetches the pkcs10 request using the External RA API, the certificate is sent
back to the SCEP RA Server. When the certificate reaches the SCEP RA Server, it sends back
the SCEP certificate response the next time the SCEP client polls the SCEP RA Server. This
feature is very useful to securely insulate the CA from the SCEP clients throughout the network.
</p>
<subsection name="Configuring the SCEP RA Server on the external RA host">
<p>
The SCEP RA Server is the module installed on the external RA server. This module receives SCEP
requests from SCEP clients and uses the External RA API to get the CA to process the SCEP requests.
</p><p>
<ol>
 <li>Setup a message database on the external RA server</li>
 <li>Configure the conf/externalra.properties to deploy a new DataSouce for the message database
 and re-deploy EJBCA</li>
 <li>Configure a new worker for this new DataSource (as described in previous sections)</li>
 <li>Issue a PKCS#12 keystore for the SCEP RA Server from the SCEP CA and configure it
 in EJBCA_HOME/conf/scepra.properties. The SCEP CA is this issuer of all SCEP requests.</li>
 <li>Create an End Entity Profile and Certificate Profile to issue SCEP requests from and configure it
 in EJBCA_HOME/conf/scepra.properties.</li>
 <li>Configure a CA mapping in EJBCA_HOME/conf/scepra.properties.</li>
 <li>Configure the database connection in EJBCA_HOME/conf/scepra.properties</li>
 <li>Optional: Configure scep.ra.authPwd in EJBCA_HOME/conf/scepra.properties if you want to authenticate
 SCEP messages based on a password in the request.</li>
 <li>Make sure the correct database JDBC connector JAR is installed in the application server for your database.</li>
 <li>Run 'ant externalra-scep-deploy' to deploy the DataSource and SCEP RA Server (or run 'ant externalra-scep' and deploy the war file dist/scepraserver.war yourself).</li>
</ol>
</p>
</subsection>
<subsection name="Accessing the Scep RA Server on the external RA host">
<p>
You can access the Scep RA server on the external RA host by pointing your client (vpn router etc)
to the URL http://scepraserver.hostname:8080/scepraserver/scep/pkiclient.exe.
</p><p>
Using this URL will include the certificate chain in the SCEP responses. Depending on your client
you may instead use the URL http://scepraserver.hostname:8080/scepraserver/scep/noca/pkiclient.exe.
Using this URL will return only the client certificate on the SCEP response.
</p>
</subsection>
<subsection name="Security options">
<p>
Using the External RA, the CA trusts all messages that comes from the RA. This means that if a
SCEP client sends a request to the RA, the CA will create the user and issue a certificate as soon as
it picks up the message from the RA.
</p><p>
To make a more secure setup, one of the two following ways are recommended:
<ul>
 <li>Each SCEP request can contain a password. Set authPwd in conf/scepra.properties to another
 value then none. This will require a correct password to be sent in the SCEP request.</li>
 <li>Configure Approvals on the CA(s) issuing SCEP certificates.</li>
</ul>
The two ways can also be combined and both used.
</p><p>
When approvals are activated, a SCEP request will result in an approval request being created in
the CA. The approval request will be for adding or editing a user. An administrator can then view
the approval request and approve or reject the new request from the SCEP client. The SCEP client will
continue to poll the RA until the request is approved, then a certificate is returned, or the request is
rejected, then a failure message is returned.
</p><p>
Activation of approvals are described in the <a href="adminguide.html#Approving Actions">Admin Guide</a>.
</p><p>
If an approval request is rejected, because the router administrator mistyped something for
example, you will have to wait 30 minutes before a new request can be done, because the RA will
remember the rejection for 30 minutes.
</p><p>
An approval request will be valid for one hour. After one hour a new request will be created.
</p><p>
The normal work-flow using approvals will be the following:
<ol>
 <li>A router admin creates a SCEP request to the RA</li>
 <li>The router admin calls up a EJBCA admin and asks to get approval of the request.</li>
 <li>The EJBCA admin approves the request and the router gets the certificate, or the EJBCA admin
 rejects the request and the router gets a failure message.</li>
</ol>
</p>
</subsection>
</section>

<section name="Using the External RA GUI">
<p>
The External RA GUI is an External RA API client built from the EJBCA bundle.  
</p><p>
The External RA GUI allows browser enrollment, enrollment from certificate
signing requests and keystore retrieval without incoming traffic to the CA
installation. The functionality of the GUI is similar to the EJBCA's public web
pages.
</p>
<subsection name="Configuration on the External RA GUI host">
<p>
<ol>
 <li>Create a "messages" database on the External RA GUI host that can be accessed from both the EJBCA installation and locally.</li>
 <li>Issue a new JKS keystore with EJBCA to enable SSL (HTTPS) on the External RA GUI host.</li>
 <li>Issue a PKCS#12 keystore with EJBCA for signing and encrypting messages to the CA and copy it to the host. Don't forget to add the right administrator privileges to this certificate as described above in 'Security'.</li>
 <li>Download the certificate of the CA service's PKCS#12 keystore and copy it to the host.</li>
 <li>Download the issuing certificate of the host's PKCS#12 keystore and copy it to the host (should be the same as the issuer for CA service's PKCS#12).</li>
 <li>Configure conf/externalra-gui.properties to use the keystores, the certificates, the local database and the local application server.</li>
 <li>Make sure a database JDBC connector JAR is installed in the local application server for your database.</li>
 <li>Run 'ant externalra-gui-deploy' to deploy the DataSource and External RA GUI application, <b>or...</b></li>
 <li>run 'ant externalra-gui' to build dist/externalra-gui/externalra-gui.war that can be manually deployed to a pre-cconfigured application server.</li>
 <li>Start JBoss and verify that the application is available at http://hostname:8080/externalra-gui/</li>
</ol>
If you need to use https (https://hostname:8442/externalra-gui/) you have to configure your application server manually. You can look at how it is done by EJBCA for example.
</p>
</subsection>
<subsection name="Configuration message polling from EJBCA">
<p>
<ol>
 <li>Issue a new PKCS#12 keystore for protection of messages.</li>
 <li>Configure the conf/externalra.properties to deploy a new DataSource for the message database and re-deploy EJBCA.</li>
 <li>Configure a new worker for this new DataSource and keystore (as described in previous sections). Use white-listing described in
 the service configuration section to only allow org.ejbca.extra.db.CertificateRequestRequest and org.ejbca.extra.db.KeyStoreRetrievalRequest
 request messages.</li>
 <li>Make sure a database JDBC connector JAR is installed in the local application server for the external RA message database.</li>
</ol>
Sample service properties:
</p>
<ul>
<li>Select Worker: Custom Worker</li>
<li>Custom Worker Class Path: org.ejbca.extra.caservice.ExtRACAServiceWorker</li>
<li>Custom Worker Properties: (copy below)</li>
<li>Select Interval: Periodical Interval</li>
<li>Period: 5 seconds</li>
<li>Select Action: No Action</li>
<li>Active: Checked</li>
</ul>
<source>
externalra-caservice.whitelist=org.ejbca.extra.db.CertificateRequestRequest,org.ejbca.extra.db.KeyStoreRetrievalRequest
externalra-caservice.keystore.path=/home/ejbca/externalra-caservice.p12
externalra-caservice.keystore.pwd=foo123
externalra-caservice.raissuer=ManagementCA
externalra-caservice.signature.required=true
externalra-caservice.encryption.required=false
externalra-caservice.persistenceunit=RAMessage1DS
</source>
</subsection>
<subsection name="Verified platforms and browsers">
<p>
The external RA GUI currently supports JBoss and MySQL. Additional databases
supported by Hibernate can easily be added.
</p>
<p>
Known browsers that support key varies over the years, and a list quickly becomes obsolete. Test and report.
</p>
</subsection>
</section>

<section name="CMP Proxy using External RA">
<p>
The <a href="adminguide.html#CMP%20Proxy%20(EJBCA%20Enterprise%20only)">CMP Proxy</a> can use an External RA API backend.  
</p><p>
The CMP Proxy, using External RA backend, will receive CMP messages from clients through HTTP, store them in the External RA database, and wait for a response from the CA to turn up in 
the External RA database. When the response is received, it will be returned to the client. The client will wait while the External RA polling and processing is taking place, 
so short polling times should be used (~10 seconds).
</p>
<subsection name="Configuring the CMP Proxy on the external RA host">
<p>
The CMP Proxy is the module installed on the external RA server.
</p><p>
<ol>
 <li>Unpack an Apache Tomcat server, or a JBoss server.</li>
 <li>Setup a message database on the external RA server.</li>
 <li>Configure the database datasource in the application server (see below for Tomcat example).</li>
 <li>Make sure the correct database JDBC connector JAR is installed in the application server on the external RA server. (i.e. copy mariadb-java-client-1.2.0.jar to apache-tomcat-7.0.67/lib/)</li>
 <li>Configure the external RA backend and datasource in EJBCA_HOME/modules/cmpProxy/resources/properties/cmpProxy.properties (if using default datasource name only cmp.backend.protocol needs to be set).</li>
 <li>Configure logging level in modules/cmpProxy/resources/properties/log4j.xml.</li>
 <li>Run 'ant cmpHttpProxy' to build the CMP Proxy (to dist/cmpHttpProxy) and copy the war file to the deploy directory of the application server.</li>
</ol>
</p>
<p>If you need to trim the configuration of the database connection on the external RA host it is done in modules/cmpProxy/resources/properties/persistence.xml.</p>
<p>To configure a datasource, using a connection pool, in Tomcat you need to edit <b>conf/server.xml></b>, adding the following Resource to &lt;GlobalNamingResources&gt;:</p>
<source>
&lt;Resource 
  name="jdbc/CMPRAMessageDS" 
  auth="Container" 
  type="javax.sql.DataSource" 
  maxActive="100" 
  maxIdle="30" 
  maxWait="10000"
  username="ejbca" 
  password="ejbca" 
  driverClassName="org.mariadb.jdbc.Driver" 
  url="jdbc:mysql://database-host:3306/messages"
  /&gt;
</source>    
<p>You need to edit username, password and URL.</p>
<p>You also need to make the datasource available to the webapp by editing <b>conf/context.xml</b>, adding a resource link in the end (just before &lt;/Context&gt;):</p>
<source>
&lt;ResourceLink 
    name="jdbc/CMPRAMessageDS" 
    global="jdbc/CMPRAMessageDS"
    type="javax.sql.DataSource"/&gt;
</source>
</subsection>
<subsection name="Configuration message polling from EJBCA">
<p>
<ol>
 <li>On the CA host, configure conf/externalra.properties to enable External RA service and to deploy a new DataSouce for the message database,
 and re-deploy EJBCA.</li>
 <li>Configure a new worker for this new DataSource (as described in previous sections).</li>
 <li>Configure CMP aliases, as you would using direct CMP communication.</li>
 <li>Make sure a database JDBC connector JAR is installed in the local application server for the external RA message database.</li>
 <li>Configure a new worker for this new DataSource. 
 <ul>
   <li>Optional: If message signing and encryption is required create and configure keystores for this.</li>
   <li>Optional: For an extra layer of security, Use white-listing described in the service configuration section to only allow org.ejbca.extra.db.CMPRequest.</li>
 </ul>
 </li>
</ol>
Sample service properties:
</p>
<ul>
<li>Select Worker: Custom Worker</li>
<li>Custom Worker Class Path: org.ejbca.extra.caservice.ExtRACAServiceWorker</li>
<li>Custom Worker Properties: (copy below)</li>
<li>Select Interval: Periodical Interval</li>
<li>Period: 5 seconds</li>
<li>Select Action: No Action</li>
<li>Active: Checked</li>
</ul>
<source>
externalra-caservice.whitelist=org.ejbca.extra.db.CMPRequest
externalra-caservice.keystore.path=/home/ejbca/externalra-caservice.p12
externalra-caservice.keystore.pwd=foo123
externalra-caservice.raissuer=ManagementCA
externalra-caservice.signature.required=true
externalra-caservice.encryption.required=false
externalra-caservice.persistenceunit=RAMessage1DS
</source>
</subsection>
<subsection name="Accessing the CMP Proxy on the external RA host">
<p>
You can access the CMP Proxy as described in the CMP Proxy instructions. There is no difference from a client
wether using HTTP backend of External RA backend. Example command, using cmpforopenssl (as in CMP examples in Admin Guide) but through the proxy:
</p>
<source>
./cmpclient --server localhost --port 8080 --path cmpProxy-6.4.0/cmpalias --srvcert ManagementCA.cacert.pem --ir --user mykeyid --password password --newclcert clcert.der --newkey privkey.pem --subject "CN=user1,O=My Organization,C=SE"
</source>
<p>As compared to a session directly to the CA:</p>
<source>
./cmpclient --server localhost --port 8080 --path ejbca/publicweb/cmp/cmpalias --srvcert ManagementCA.cacert.pem --ir --user mykeyid --password password --newclcert clcert.der --newkey privkey.pem --subject "CN=user1,O=My Organization,C=SE"
</source>
</subsection>
<subsection name="Security Options">
<p>
Using the External RA, the CA works in the same was as if a client connects directly, which means you can use client or RA mode etc.
See the <a href="adminguide.html#CMP">CMP documentation</a> for full information about that.
You can use whitelisting and signed external RA messages to further limit capabilities of the external RA host itself.
</p>
<p>To sign and encrypt external RA messages use the options to configure keystores in cmpProxy.properties:
</p>
<source>
cmp.backend.keystorepath
cmp.backend.keystorepwd
cmp.backend.caservicecertpath
cmp.backend.issuerchainpath
</source>
</subsection>
</section>

<section name="Clustering External RA">
<p>
You can have several External RA servers, in order to provide high availability, or increased performance. There are generally two waysto cluster External RA: 
</p>
<ul>
<li>Setting up a shared, HA, database for the External RA servers.</li>
<li>Setting up independent databases on each External RA server.</li>
</ul>
    <p>
    <img src="images/external-ra-cluster.png" title="External RA clustered in two different ways" alt="External RA clustered in two different ways" />
    </p>
<p>
External RA service workers on the CA side works cluster-wide on the CA. This means that if you have multipple CA nodes, a single service worker will run on one node by default,
but if this node goes down it will run on other nodes. In addition you can <i>pin</i> service workers to specific nodes, so you can have three workers configured, that always run on their respective nodes.
</p>
</section>

</body>
</document>
