<?xml version="1.0" encoding="UTF-8"?>
<!--
/*************************************************************************
 *                                                                       *
 *  EJBCA: The OpenSource Certificate Authority                          *
 *                                                                       *
 *  This software is free software; you can redistribute it and/or       *
 *  modify it under the terms of the GNU Lesser General Public           *
 *  License as published by the Free Software Foundation; either         *
 *  version 2.1 of the License, or any later version.                    *
 *                                                                       *
 *  See terms of license at gnu.org.                                     *
 *                                                                       *
 *************************************************************************/

 version: $Id$
 -->
<web-app version="3.0" id="certstore"
    xmlns:xsi="http://www.w3.org/2001/XMLSchema-instance" 
    xmlns="http://java.sun.com/xml/ns/javaee"
    xsi:schemaLocation="http://java.sun.com/xml/ns/javaee
                        http://java.sun.com/xml/ns/javaee/web-app_3_0.xsd">

    <description><![CDATA[Certificate Store]]></description>

    <servlet>
        <description><![CDATA[Fetches certificates according to rfc4378]]></description>
        <display-name>CertStoreServlet</display-name>
        <servlet-name>CertificateStore</servlet-name>
        <servlet-class>org.ejbca.ui.web.protocol.CertStoreServlet</servlet-class>
        <load-on-startup>99</load-on-startup>
    </servlet>

    <servlet-mapping>
        <servlet-name>CertificateStore</servlet-name>
        <url-pattern>/search.cgi</url-pattern>
    </servlet-mapping>
    <servlet-mapping>
        <servlet-name>CertificateStore</servlet-name>
        <url-pattern>/search.cgi/*</url-pattern>
    </servlet-mapping>

    <session-config>
        <session-timeout>30</session-timeout>
        <cookie-config>
            <http-only>true</http-only>
        </cookie-config>
    </session-config>

    <security-constraint>
        <web-resource-collection>
            <web-resource-name>restricted methods</web-resource-name>
            <url-pattern>/*</url-pattern>
            <http-method>PUT</http-method>
            <http-method>DELETE</http-method>
            <http-method>OPTIONS</http-method>
            <http-method>TRACE</http-method>
        </web-resource-collection>
        <auth-constraint />
    </security-constraint> 
</web-app>
