<?xml version="1.0" encoding="UTF-8"?>
<project xmlns="http://www.netbeans.org/ns/project/1">
    <type>org.netbeans.modules.ant.freeform</type>
    <configuration>
        <general-data xmlns="http://www.netbeans.org/ns/freeform-project/1">
            <!-- Do not use Project Properties customizer when editing this file manually. -->
            <name>cesecore-common</name>
            <properties>
                <property-file>../../conf/ejbca.properties</property-file>
            </properties>
            <folders>
                <source-folder>
                    <label>src</label>
                    <type>java</type>
                    <location>src</location>
                </source-folder>
            </folders>
            <ide-actions>
                <action name="build">
                    <target>jar</target>
                </action>
                <action name="clean">
                    <target>clean</target>
                </action>
                <action name="rebuild">
                    <target>clean</target>
                    <target>jar</target>
                </action>
            </ide-actions>
            <export>
                <type>jar</type>
                <location>dist/cesecore-common.jar</location>
                <build-target>jar</build-target>
            </export>
            <view>
                <items>
                    <source-folder style="packages">
                        <label>src</label>
                        <location>src</location>
                    </source-folder>
                    <source-file>
                        <location>build.xml</location>
                    </source-file>
                </items>
                <context-menu>
                    <ide-action name="build"/>
                    <ide-action name="rebuild"/>
                    <ide-action name="clean"/>
                </context-menu>
            </view>
            <subprojects/>
        </general-data>
        <java-data xmlns="http://www.netbeans.org/ns/freeform-project-java/3">
            <compilation-unit>
                <package-root>src</package-root>
                <classpath mode="compile">../../lib/bcpkix-jdk15on-154.jar:../../lib/bcprov-jdk15on-154.jar:../../lib/cert-cvc-1.4.4.jar:../../lib/commons-beanutils-1.8.3.jar:../../lib/commons-cli-1.0.jar:../../lib/commons-codec-1.6.jar:../../lib/commons-collections-3.2.2.jar:../../lib/commons-configuration-1.6.jar:../../lib/commons-digester-1.8.jar:../../lib/commons-el-1.0.jar:../../lib/commons-fileupload-1.3.1.jar:../../lib/commons-io-1.3.2.jar:../../lib/commons-lang-2.5.jar:../../lib/commons-logging-1.1.1.jar:../../lib/ldap.jar:../../lib/log4j-1.2.16.jar:../../lib/hibernate/antlr-2.7.7.jar:../../lib/hibernate/dom4j-1.6.1.jar:../../lib/hibernate/hibernate-commons-annotations-4.0.1.Final.jar:../../lib/hibernate/hibernate-core-4.1.1.Final.jar:../../lib/hibernate/hibernate-entitymanager-4.1.1.Final.jar:../../lib/hibernate/hibernate-jpa-2.0-api-1.0.1.Final.jar:../../lib/hibernate/javassist-3.15.0-GA.jar:../../lib/hibernate/jboss-logging-3.1.0.GA.jar:../../lib/hibernate/jboss-transaction-api_1.1_spec-1.0.0.Final.jar:/opt/jboss-5.1.0.GA/client/jbossall-client.jar:${appserver.home}/client/jboss-javaee.jar</classpath>
                <built-to>dist/cesecore-common.jar</built-to>
                <source-level>1.6</source-level>
            </compilation-unit>
        </java-data>
    </configuration>
</project>
