<?xml version="1.0" encoding="ISO-8859-1"?>
<project name="EJBCA" href="http://ejbca.sourceforge.net/">

    <title>EJBCA - Open Source PKI Certificate Authority</title>
    <!--logo href="images/ant_logo_large.gif">EJBCA - The J2EE Certificate Authority</logo-->

    <body>
       <menusection name="Home" index="0"         href="/index.html">

            <menu name="EJBCA PKI Docs">
                <item name="Doc home"         href="/index.html"/>
                <item name="Architecture"	  href="/architecture.html"/>
                <item name="Concepts"	  	  href="/concepts.html"/>
                <item name="Installation"	  href="/installation.html"/>
                <item name="Admin Guide"	  href="/adminguide.html"/>
                <item name="User Guide"		  href="/userguide.html"/>
                <item name="Security"         href="/security.html"/>
            </menu>

            <menu name="Validation Authority (VA)">
                <item name="VA Services"		  href="/services-va.html"/>
                <item name="Standalone VA Installation"	  href="/installation-va.html"/>
            </menu>

            <menu name="EJBCA OCSP Docs">
                <item name="OCSP Architecture"	  href="/architecture-ocsp.html"/>
                <item name="OCSP Installation"	  href="/installation-ocsp.html"/>
                <item name="OCSP User Guide"	  href="/userguide-ocsp.html"/>
            </menu>

            <menu name="Other documentation">
                <item name="FAQ"		  href="/faq.html"/>
                <item name="Wiki"   href="http://wiki.ejbca.org/"/>
            </menu>

        </menusection>

    </body>
</project>
